commune,Wilaya_name,Wilaya
Adrar,Adrar,Adrar
Akabli,Adrar,Chlef
Aougrout,Adrar,Laghouat
Aoulef,Adrar,Oum El Bouaghi
Bordj Badji Mokhtar,Adrar,Batna
Bouda,Adrar,Béjaïa
Charouine,Adrar,Biskra
Deldoul,Adrar,Béchar
In Zghmir,Adrar,Blida
In Zghmir,Adrar,Bouira
Ksar Kaddour,Adrar,Tamanrasset
Metarfa,Adrar,Tébessa
Ouled Ahmed Tammi,Adrar,Tlemcen
Ouled Aïssa,Adrar,Tiaret
Ouled Saïd,Adrar,Tizi Ouzou
Reggane,Adrar,Alger
Sali,Adrar,Djelfa
Sebaa,Adrar,Jijel
Talmine,Adrar,Sétif
Tamantit,Adrar,Saïda
Tamekten,Adrar,Skikda
Tamest,Adrar,Sidi Bel Abbès
Timiaouine,Adrar,Annaba
Timimoun,Adrar,Guelma
Tinerkouk,Adrar,Constantine
Tit,Adrar,Médéa
Tsabit,Adrar,Mostaganem
Zaouiet Kounta,Adrar,M'Sila
Abou El Hassan,Chlef,Mascara
Aïn Merane,Chlef,Ouargla
Bénairia,Chlef,Oran
Beni Bouateb,Chlef,El Bayadh
Beni Haoua,Chlef,Illizi
Beni Rached,Chlef,Bordj Bou Arreridj
Boukadir,Chlef,Boumerdès
Bouzeghaia,Chlef,El Tarf
Breira,Chlef,Tindouf
Chettia,Chlef,Tissemsilt
Chlef,Chlef,El Oued
Dahra,Chlef,Khenchela
El Hadjadj,Chlef,Souk Ahras
El Karimia,Chlef,Tipaza
El Marsa,Chlef,Mila
Harchoun,Chlef,Aïn Defla
Harenfa,Chlef,Naâma
Labiod Medjadja,Chlef,Aïn Témouchent
Moussadek,Chlef,Ghardaïa
Oued Fodda,Chlef,Relizane
Oued Goussine,Chlef,
Oued Sly,Chlef,
Ouled Abbes,Chlef,
Ouled Ben Abdelkader,Chlef,
Ouled Fares,Chlef,
Oum Drou,Chlef,
Sendjas,Chlef,
Sidi Abderrahmane,Chlef,
Sidi Akkacha,Chlef,
Sobha,Chlef,
Tadjena,Chlef,
Talassa,Chlef,
Taougrite,Chlef,
Ténès,Chlef,
Zeboudja,Chlef,
Aflou,Laghouat,
Aïn Madhi,Laghouat,
Aïn Sidi Ali,Laghouat,
Beidha,Laghouat,
Bennasser Benchohra,Laghouat,
Brida,Laghouat,
El Assafia,Laghouat,
El Ghicha,Laghouat,
El Houaita,Laghouat,
Gueltat Sidi Saad,Laghouat,
Hadj Mechri,Laghouat,
Hassi Delaa,Laghouat,
Hassi R'Mel,Laghouat,
Kheneg,Laghouat,
Ksar El Hirane,Laghouat,
Laghouat,Laghouat,
Oued M'Zi,Laghouat,
Oued Morra,Laghouat,
Sebgag,Laghouat,
Sidi Bouzid,Laghouat,
Sidi Makhlouf,Laghouat,
Tadjemout,Laghouat,
Tadjrouna,Laghouat,
Taouiala,Laghouat,
Aïn Babouche,Oum El Bouaghi,
Aïn Beïda,Oum El Bouaghi,
Aïn Diss,Oum El Bouaghi,
Aïn Fakroun,Oum El Bouaghi,
Aïn Kercha,Oum El Bouaghi,
Aïn M'lila,Oum El Bouaghi,
Aïn Zitoun,Oum El Bouaghi,
Behir Chergui,Oum El Bouaghi,
Berriche,Oum El Bouaghi,
Bir Chouhada,Oum El Bouaghi,
Dhalaa,Oum El Bouaghi,
El Amiria,Oum El Bouaghi,
El Belala,Oum El Bouaghi,
El Djazia,Oum El Bouaghi,
El Fedjoudj Boughrara Saoudi,Oum El Bouaghi,
El Harmilia,Oum El Bouaghi,
Fkirina,Oum El Bouaghi,
Hanchir Toumghani,Oum El Bouaghi,
Ksar Sbahi,Oum El Bouaghi,
Meskiana,Oum El Bouaghi,
Oued Nini,Oum El Bouaghi,
Ouled Gacem,Oum El Bouaghi,
Ouled Hamla,Oum El Bouaghi,
Ouled Zouaï,Oum El Bouaghi,
Oum el Bouaghi,Oum El Bouaghi,
Rahia,Oum El Bouaghi,
Sigus,Oum El Bouaghi,
Souk Naamane,Oum El Bouaghi,
Zorg,Oum El Bouaghi,
Abdelkader Azil,Batna,
Aïn Djasser,Batna,
Aïn Touta,Batna,
Aïn Yagout,Batna,
Arris,Batna,
Barika,Batna,
Batna,Batna,
Ben Foudhala El Hakania,Batna,
Bitam,Batna,
Boulhilat,Batna,
Boumagueur,Batna,
Boumia (Batna),Batna,
Bouzina,Batna,
Chemora,Batna,
Chir,Batna,
Djerma,Batna,
Djezar,Batna,
El Hassi,Batna,
El Madher,Batna,
Fesdis,Batna,
Foum Toub,Batna,
Ghassira,Batna,
Gosbat,Batna,
Guigba,Batna,
Hidoussa,Batna,
Ichmoul,Batna,
Inoughissen,Batna,
Kimmel,Batna,
Ksar Bellezma,Batna,
Larbaâ,Batna,
Lazrou,Batna,
Lemsane,Batna,
M'doukel,Batna,
Maafa,Batna,
Menaa,Batna,
Merouana,Batna,
N'Gaous,Batna,
Oued Chaaba,Batna,
Oued El Ma,Batna,
Oued Taga,Batna,
Ouled Ammar,Batna,
Ouled Aouf,Batna,
Ouled Fadel,Batna,
Ouled Sellam,Batna,
Ouled Si Slimane,Batna,
Ouyoun El Assafir,Batna,
Rahbat,Batna,
Ras El Aioun,Batna,
Sefiane,Batna,
Seggana,Batna,
Seriana,Batna,
T'Kout,Batna,
Talkhamt,Batna,
Taxlent,Batna,
Tazoult,Batna,
Teniet El Abed,Batna,
Tighanimine,Batna,
Tigherghar,Batna,
Tilatou,Batna,
Timgad,Batna,
Zanat El Beida,Batna,
Adekar,Béjaïa,
Ait Djellil,Béjaïa,
Aït Ksila,Béjaïa,
Aït Maouche,Béjaïa,
Aït Mellikeche,Béjaïa,
Aït R'zine,Béjaïa,
Aït Smail,Béjaïa,
Akbou,Béjaïa,
Akfadou,Béjaïa,
Amalou,Béjaïa,
Amizour,Béjaïa,
Aokas,Béjaïa,
Barbacha,Béjaïa,
Béjaïa,Béjaïa,
Boudjellil,Béjaïa,
Bouhamza,Béjaïa,
Boukhelifa,Béjaïa,
Chellata,Béjaïa,
Chemini,Béjaïa,
Darguina,Béjaïa,
Draâ El Kaïd,Béjaïa,
El Kseur,Béjaïa,
Fenaïa Ilmaten,Béjaïa,
Ferraoun,Béjaïa,
Ighil Ali,Béjaïa,
Ighram,Béjaïa,
Kendira,Béjaïa,
Kherrata,Béjaïa,
Leflaye,Béjaïa,
M'cisna,Béjaïa,
Melbou,Béjaïa,
Oued Ghir,Béjaïa,
Ouzellaguen,Béjaïa,
Seddouk,Béjaïa,
Semaoun,Béjaïa,
Sidi Aïch,Béjaïa,
Sidi Ayad,Béjaïa,
Souk El Ténine,Béjaïa,
Souk Oufella,Béjaïa,
Tala Hamza,Béjaïa,
Tamokra,Béjaïa,
Tamridjet,Béjaïa,
Taourirt Ighil,Béjaïa,
Taskriout,Béjaïa,
Tazmalt,Béjaïa,
Tibane,Béjaïa,
Tichy,Béjaïa,
Tifra,Béjaïa,
Timezrit,Béjaïa,
Tinabdher,Béjaïa,
Tizi N'Berber,Béjaïa,
Toudja,Béjaïa,
Aïn Naga,Biskra,
Aïn Zaatout,Biskra,
Besbes,Biskra,
Biskra,Biskra,
Bordj Ben Azzouz,Biskra,
Bouchagroune,Biskra,
Branis,Biskra,
Chetma,Biskra,
Djemorah,Biskra,
Doucen,Biskra,
Ech Chaïba,Biskra,
El Feidh,Biskra,
El Ghrous,Biskra,
El Hadjeb,Biskra,
El Haouch,Biskra,
El Kantara,Biskra,
El Mizaraa,Biskra,
El Outaya,Biskra,
Foughala,Biskra,
Khenguet Sidi Nadji,Biskra,
Lichana,Biskra,
Lioua,Biskra,
M'Chouneche,Biskra,
M'Lili,Biskra,
Mekhadma,Biskra,
Ouled Djellal,Biskra,
Oumache,Biskra,
Ourlal,Biskra,
Ras El Miaad,Biskra,
Sidi Khaled,Biskra,
Sidi Okba,Biskra,
Tolga,Biskra,
Zeribet El Oued,Biskra,
Abadla,Béchar,
Béchar,Béchar,
Béni Abbès,Béchar,
Beni Ikhlef,Béchar,
Beni Ounif,Béchar,
Boukais,Béchar,
El Ouata,Béchar,
Erg Ferradj,Béchar,
Igli,Béchar,
Kenadsa,Béchar,
Kerzaz,Béchar,
Ksabi,Béchar,
Lahmar,Béchar,
Mechraa Houari Boumedienne,Béchar,
Meridja,Béchar,
Mougheul,Béchar,
Ouled Khoudir,Béchar,
Tabelbala,Béchar,
Taghit,Béchar,
Tamtert,Béchar,
Timoudi,Béchar,
Aïn Romana,Blida,
Beni Mered,Blida,
Beni Tamou,Blida,
Benkhelil,Blida,
Blida,Blida,
Bouarfa,Blida,
Boufarik,Blida,
Bougara,Blida,
Bouinan,Blida,
Chebli,Blida,
Chiffa,Blida,
Chréa,Blida,
Djebabra,Blida,
El Affroun,Blida,
Guerouaou,Blida,
Hammam Melouane,Blida,
Larbaa,Blida,
Meftah,Blida,
Mouzaia,Blida,
Oued Alleug,Blida,
Oued Djer,Blida,
Ouled Slama,Blida,
Ouled Yaïch,Blida,
Souhane,Blida,
Soumaa,Blida,
Aghbalou,Bouira,
Ahl El Ksar,Bouira,
Aïn Bessem,Bouira,
Aïn El Hadjar,Bouira,
Aïn El Turc,Bouira,
Aïn Laloui,Bouira,
Aït Laziz,Bouira,
Aomar,Bouira,
Ath Mansour,Bouira,
Bechloul,Bouira,
Bir Ghbalou,Bouira,
Bordj Okhriss,Bouira,
Bouderbala,Bouira,
Bouira,Bouira,
Boukram,Bouira,
Chorfa,Bouira,
Dechmia,Bouira,
Dirrah,Bouira,
Djebahia,Bouira,
El Adjiba,Bouira,
El Asnam,Bouira,
El Hachimia,Bouira,
El Hakimia,Bouira,
El Khabouzia,Bouira,
El Mokrani,Bouira,
Guerrouma,Bouira,
Hadjera Zerga,Bouira,
Haizer,Bouira,
Hanif,Bouira,
Kadiria,Bouira,
Lakhdaria,Bouira,
M'Chedallah,Bouira,
Maala,Bouira,
Maamora,Bouira,
Mezdour,Bouira,
Oued El Berdi,Bouira,
Ouled Rached,Bouira,
Raouraoua,Bouira,
Ridane,Bouira,
Saharidj,Bouira,
Souk El Khemis,Bouira,
Sour El Ghouzlane,Bouira,
Taghzout,Bouira,
Taguedit,Bouira,
Zbarbar,Bouira,
Abalessa,Tamanrasset,
Foggaret Ezzaouia,Tamanrasset,
Idles,Tamanrasset,
In Amguel,Tamanrasset,
In Ghar,Tamanrasset,
In Guezzam,Tamanrasset,
In Salah,Tamanrasset,
Tamanrasset,Tamanrasset,
Tazrouk,Tamanrasset,
Tin Zaouatine,Tamanrasset,
Aïn Zerga,Tébessa,
Bedjene,Tébessa,
Bekkaria,Tébessa,
Bir Dheb,Tébessa,
Bir el Ater,Tébessa,
Bir Mokkadem,Tébessa,
Boukhadra,Tébessa,
Boulhaf Dir,Tébessa,
Cheria,Tébessa,
El Aouinet,Tébessa,
El Houidjbet,Tébessa,
El Kouif,Tébessa,
El Ma Labiodh,Tébessa,
El Meridj,Tébessa,
El Mezeraa,Tébessa,
El Ogla,Tébessa,
Ferkane,Tébessa,
Guorriguer,Tébessa,
Hammamet,Tébessa,
Morsott,Tébessa,
Negrine,Tébessa,
Ogla Melha,Tébessa,
Ouenza,Tébessa,
Oum Ali,Tébessa,
Safsaf El Ouesra,Tébessa,
Stah Guentis,Tébessa,
Tébessa,Tébessa,
Tlidjene,Tébessa,
Aïn Fetah,Tlemcen,
Aïn Fezza,Tlemcen,
Aïn Ghoraba,Tlemcen,
Aïn Kebira,Tlemcen,
Aïn Nehala,Tlemcen,
Aïn Tallout,Tlemcen,
Aïn Youcef,Tlemcen,
Amieur,Tlemcen,
Azails,Tlemcen,
Bab El Assa,Tlemcen,
Beni Bahdel,Tlemcen,
Beni Boussaid,Tlemcen,
Beni Khellad,Tlemcen,
Beni Mester,Tlemcen,
Beni Ouarsous,Tlemcen,
Beni Semiel,Tlemcen,
Beni Snous,Tlemcen,
Bensekrane,Tlemcen,
Bouhlou,Tlemcen,
Chetouane,Tlemcen,
Dar Yaghmouracene,Tlemcen,
Djebala,Tlemcen,
El Aricha,Tlemcen,
El Bouihi,Tlemcen,
El Fehoul,Tlemcen,
El Gor,Tlemcen,
Fellaoucene,Tlemcen,
Ghazaouet,Tlemcen,
Hammam Boughrara,Tlemcen,
Hennaya,Tlemcen,
Honaïne,Tlemcen,
Maghnia,Tlemcen,
Mansourah,Tlemcen,
Marsa Ben M'Hidi,Tlemcen,
MSirda Fouaga,Tlemcen,
Nedroma,Tlemcen,
Oued Lakhdar,Tlemcen,
Ouled Mimoun,Tlemcen,
Ouled Riyah,Tlemcen,
Remchi,Tlemcen,
Sabra,Tlemcen,
Sebaa Chioukh,Tlemcen,
Sebdou,Tlemcen,
Sidi Abdelli,Tlemcen,
Sidi Djillali,Tlemcen,
Sidi Medjahed,Tlemcen,
Souahlia,Tlemcen,
Souani,Tlemcen,
Souk Tlata,Tlemcen,
Terny Beni Hdiel,Tlemcen,
Tienet,Tlemcen,
Tlemcen,Tlemcen,
Zenata,Tlemcen,
Aïn Bouchekif,Tiaret,
Aïn Deheb,Tiaret,
Aïn Dzarit,Tiaret,
Aïn El Hadid,Tiaret,
Aïn Kermes,Tiaret,
Bougara,Tiaret,
Chehaima,Tiaret,
Dahmouni,Tiaret,
Djebilet Rosfa,Tiaret,
Djillali Ben Amar,Tiaret,
Faidja,Tiaret,
Frenda,Tiaret,
Guertoufa,Tiaret,
Hamadia,Tiaret,
Ksar Chellala,Tiaret,
Madna,Tiaret,
Mahdia,Tiaret,
Mechraa Safa,Tiaret,
Medrissa,Tiaret,
Medroussa,Tiaret,
Meghila,Tiaret,
Mellakou,Tiaret,
Nadorah,Tiaret,
Naima,Tiaret,
Oued Lilli,Tiaret,
Rahouia,Tiaret,
Rechaiga,Tiaret,
Sebaine,Tiaret,
Sebt,Tiaret,
Serghine,Tiaret,
Si Abdelghani,Tiaret,
Sidi Abderahmane,Tiaret,
Sidi Ali Mellal,Tiaret,
Sidi Bakhti,Tiaret,
Sidi Hosni,Tiaret,
Sougueur,Tiaret,
Tagdemt,Tiaret,
Takhemaret,Tiaret,
Tiaret,Tiaret,
Tidda,Tiaret,
Tousnina,Tiaret,
Zmalet El Emir Abdelkader,Tiaret,
Abi Youcef,Tizi Ouzou,
Aghribs,Tizi Ouzou,
Agouni Gueghrane,Tizi Ouzou,
Ain El Hammam,Tizi Ouzou,
Aïn Zaouia,Tizi Ouzou,
Aït Aggouacha,Tizi Ouzou,
Aït Aïssa Mimoun,Tizi Ouzou,
Aït Bouadou,Tizi Ouzou,
Aït Boumahdi,Tizi Ouzou,
Aït Chafâa,Tizi Ouzou,
Aït Khellili,Tizi Ouzou,
Aït Mahmoud,Tizi Ouzou,
Aït Oumalou,Tizi Ouzou,
Aït Toudert,Tizi Ouzou,
Aït Yahia,Tizi Ouzou,
Aït Yahia Moussa,Tizi Ouzou,
Aït Yenni,Tizi Ouzou,
Akbil,Tizi Ouzou,
Akerrou,Tizi Ouzou,
Assi Youcef,Tizi Ouzou,
Ath Zikki,Tizi Ouzou,
Azazga,Tizi Ouzou,
Azeffoun,Tizi Ouzou,
Beni Aïssi,Tizi Ouzou,
Beni Douala,Tizi Ouzou,
Beni Zmenzer,Tizi Ouzou,
Boghni,Tizi Ouzou,
Boudjima,Tizi Ouzou,
Bounouh,Tizi Ouzou,
Bouzguen,Tizi Ouzou,
Draâ Ben Khedda,Tizi Ouzou,
Draâ El Mizan,Tizi Ouzou,
Freha,Tizi Ouzou,
Frikat,Tizi Ouzou,
Iboudraren,Tizi Ouzou,
Idjeur,Tizi Ouzou,
Iferhounène,Tizi Ouzou,
Ifigha,Tizi Ouzou,
Iflissen,Tizi Ouzou,
Illilten,Tizi Ouzou,
Illoula Oumalou,Tizi Ouzou,
Imsouhel,Tizi Ouzou,
Irdjen,Tizi Ouzou,
Larbaâ Nath Irathen,Tizi Ouzou,
M'Kira,Tizi Ouzou,
Mâatkas,Tizi Ouzou,
Makouda,Tizi Ouzou,
Mechtras,Tizi Ouzou,
Mekla,Tizi Ouzou,
Mizrana,Tizi Ouzou,
Ouacif,Tizi Ouzou,
Ouadhia,Tizi Ouzou,
Ouaguenoun,Tizi Ouzou,
Sidi Namane,Tizi Ouzou,
Souamaâ,Tizi Ouzou,
Souk El Thenine,Tizi Ouzou,
Tadmaït,Tizi Ouzou,
Tigzirt,Tizi Ouzou,
Timizart,Tizi Ouzou,
Tirmitine,Tizi Ouzou,
Tizi Gheniff,Tizi Ouzou,
Tizi N'Tleta,Tizi Ouzou,
Tizi Ouzou,Tizi Ouzou,
Tizi Rached,Tizi Ouzou,
Yakouren,Tizi Ouzou,
Yatafen,Tizi Ouzou,
Zekri,Tizi Ouzou,
Aïn Benian,Alger,
Aïn Taya,Alger,
Alger Centre,Alger,
Bab El Oued,Alger,
Bab Ezzouar,Alger,
Baba Hassen,Alger,
Bachdjerrah,Alger,
Baraki,Alger,
Belouizdad,Alger,
Ben Aknoun,Alger,
Beni Messous,Alger,
Bir Mourad Raïs,Alger,
Birkhadem,Alger,
Birtouta,Alger,
Bologhine,Alger,
Bordj El Bahri,Alger,
Bordj El Kiffan,Alger,
Bourouba,Alger,
Bouzareah,Alger,
Casbah,Alger,
Cheraga,Alger,
Dar El Beïda,Alger,
Dely Ibrahim,Alger,
Djasr Kasentina,Alger,
Douera,Alger,
Draria,Alger,
El Achour,Alger,
El Biar,Alger,
El Hammamet,Alger,
El Harrach,Alger,
El Madania,Alger,
El Magharia,Alger,
El Marsa,Alger,
El Mouradia,Alger,
H'raoua,Alger,
Hussein Dey,Alger,
Hydra,Alger,
Khraicia,Alger,
Kouba,Alger,
Les Eucalyptus,Alger,
Mahelma,Alger,
Mohammadia,Alger,
Oued Koriche,Alger,
Oued Smar,Alger,
Ouled Chebel,Alger,
Ouled Fayet,Alger,
Rahmania,Alger,
Raïs Hamidou,Alger,
Reghaïa,Alger,
Rouïba,Alger,
Saoula,Alger,
Sidi M'Hamed,Alger,
Sidi Moussa,Alger,
Souidania,Alger,
Staoueli,Alger,
Tessala El Merdja,Alger,
Zeralda,Alger,
Aïn Chouhada,Djelfa,
Aïn El Ibel,Djelfa,
Aïn Feka,Djelfa,
Aïn Maabed,Djelfa,
Aïn Oussara,Djelfa,
Amourah,Djelfa,
Benhar,Djelfa,
Beni Yagoub,Djelfa,
Birine,Djelfa,
Bouira Lahdab,Djelfa,
Charef,Djelfa,
Dar Chioukh,Djelfa,
Deldoul,Djelfa,
Djelfa,Djelfa,
Douis,Djelfa,
El Guedid,Djelfa,
El Idrissia,Djelfa,
El Khemis,Djelfa,
Faidh El Botma,Djelfa,
Guernini,Djelfa,
Guettara,Djelfa,
Had Sahary,Djelfa,
Hassi Bahbah,Djelfa,
Hassi El Euch,Djelfa,
Hassi Fedoul,Djelfa,
M'Liliha,Djelfa,
Messaad,Djelfa,
Moudjebara,Djelfa,
Oum Laadham,Djelfa,
Sed Rahal,Djelfa,
Selmana,Djelfa,
Sidi Baizid,Djelfa,
Sidi Ladjel,Djelfa,
Tadmit,Djelfa,
Zaafrane,Djelfa,
Zaccar,Djelfa,
Bordj Tahar,Jijel,
Boucif Ouled Askeur,Jijel,
Boudriaa Ben Yadjis,Jijel,
Bouraoui Belhadef,Jijel,
Chahna,Jijel,
Chekfa,Jijel,
Djemaa Beni Habibi,Jijel,
Djimla,Jijel,
El Ancer,Jijel,
El Aouana,Jijel,
El Kennar Nouchfi,Jijel,
El Milia,Jijel,
Emir Abdelkader,Jijel,
Eraguene,Jijel,
Ghebala,Jijel,
Jijel,Jijel,
Kaous,Jijel,
Kheïri Oued Adjoul,Jijel,
Ouadjana,Jijel,
Ouled Rabah,Jijel,
Ouled Yahia Khedrouche,Jijel,
Selma Benziada,Jijel,
Settara,Jijel,
Sidi Abdelaziz,Jijel,
Sidi Maarouf,Jijel,
Taher,Jijel,
Texenna,Jijel,
Ziama Mansouriah,Jijel,
Aïn Abessa,Sétif,
Aïn Arnat,Sétif,
Aïn Azel,Sétif,
Aïn El Kebira,Sétif,
Aïn Lahdjar,Sétif,
Aïn Legradj,Sétif,
Aïn Oulmene,Sétif,
Aïn Roua,Sétif,
Aïn Sebt,Sétif,
Aït Naoual Mezada,Sétif,
Aït Tizi,Sétif,
Aït Wertilan,Sétif,
Amoucha,Sétif,
Babor,Sétif,
Bazer Sakhra,Sétif,
Beidha Bordj,Sétif,
Belaa,Sétif,
Beni Aziz,Sétif,
Beni Chebana,Sétif,
Beni Fouda,Sétif,
Beni Hocine,Sétif,
Beni Mouhli,Sétif,
Bir El Arch,Sétif,
Bir Haddada,Sétif,
Bouandas,Sétif,
Bougaa,Sétif,
Bousselam,Sétif,
Boutaleb,Sétif,
Dehamcha,Sétif,
Djemila,Sétif,
Draa Kebila,Sétif,
El Eulma,Sétif,
El Ouldja,Sétif,
El Ouricia,Sétif,
Guellal,Sétif,
Guelta Zerka,Sétif,
Guenzet,Sétif,
Guidjel,Sétif,
Hamma,Sétif,
Hammam Guergour,Sétif,
Hammam Soukhna,Sétif,
Harbil,Sétif,
Ksar El Abtal,Sétif,
Maaouia,Sétif,
Maoklane,Sétif,
Mezloug,Sétif,
Oued El Barad,Sétif,
Ouled Addouane,Sétif,
Ouled Sabor,Sétif,
Ouled Si Ahmed,Sétif,
Ouled Tebben,Sétif,
Rasfa,Sétif,
Salah Bey,Sétif,
Serdj El Ghoul,Sétif,
Sétif,Sétif,
Tachouda,Sétif,
Talaifacene,Sétif,
Taya,Sétif,
Tella,Sétif,
Tizi N'Bechar,Sétif,
Aïn El Hadjar,Saïda,
Aïn Sekhouna,Saïda,
Aïn Soltane,Saïda,
Doui Thabet,Saïda,
El Hassasna,Saïda,
Hounet,Saïda,
Maamora,Saïda,
Moulay Larbi,Saïda,
Ouled Brahim,Saïda,
Ouled Khaled,Saïda,
Saïda,Saïda,
Sidi Ahmed,Saïda,
Sidi Amar,Saïda,
Sidi Boubekeur,Saïda,
Tircine,Saïda,
Youb,Saïda,
Aïn Bouziane,Skikda,
Aïn Charchar,Skikda,
Aïn Kechra,Skikda,
Aïn Zouit,Skikda,
Azzaba,Skikda,
Bekkouche Lakhdar,Skikda,
Ben Azzouz,Skikda,
Beni Bechir,Skikda,
Beni Oulbane,Skikda,
Beni Zid,Skikda,
Bin El Ouiden,Skikda,
Bouchtata,Skikda,
Cheraia,Skikda,
Collo,Skikda,
Djendel Saadi Mohamed,Skikda,
El Ghedir,Skikda,
El Hadaiek,Skikda,
El Harrouch,Skikda,
El Marsa,Skikda,
Emdjez Edchich,Skikda,
Es Sebt,Skikda,
Filfila,Skikda,
Hamadi Krouma,Skikda,
Kanoua,Skikda,
Kerkera,Skikda,
Kheneg Mayoum,Skikda,
Oued Zehour,Skikda,
Ouldja Boulballout,Skikda,
Ouled Attia,Skikda,
Ouled Hbaba,Skikda,
Oum Toub,Skikda,
Ramdane Djamel,Skikda,
Salah Bouchaour,Skikda,
Sidi Mezghiche,Skikda,
Skikda,Skikda,
Tamalous,Skikda,
Zerdaza,Skikda,
Zitouna,Skikda,
Aïn Adden,Sidi Bel Abbès,
Aïn El Berd,Sidi Bel Abbès,
Aïn Kada,Sidi Bel Abbès,
Aïn Thrid,Sidi Bel Abbès,
Aïn Tindamine,Sidi Bel Abbès,
Amarnas,Sidi Bel Abbès,
Badredine El Mokrani,Sidi Bel Abbès,
Belarbi,Sidi Bel Abbès,
Ben Badis,Sidi Bel Abbès,
Benachiba Chelia,Sidi Bel Abbès,
Bir El Hammam,Sidi Bel Abbès,
Boudjebaa El Bordj,Sidi Bel Abbès,
Boukhanafis,Sidi Bel Abbès,
Chettouane Belaila,Sidi Bel Abbès,
Dhaya,Sidi Bel Abbès,
El Haçaiba,Sidi Bel Abbès,
Hassi Dahou,Sidi Bel Abbès,
Hassi Zehana,Sidi Bel Abbès,
Lamtar,Sidi Bel Abbès,
M'Cid,Sidi Bel Abbès,
Makedra,Sidi Bel Abbès,
Marhoum,Sidi Bel Abbès,
Merine,Sidi Bel Abbès,
Mezaourou,Sidi Bel Abbès,
Mostefa Ben Brahim,Sidi Bel Abbès,
Moulay Slissen,Sidi Bel Abbès,
Oued Sebaa,Sidi Bel Abbès,
Oued Sefioun,Sidi Bel Abbès,
Oued Taourira,Sidi Bel Abbès,
Ras El Ma,Sidi Bel Abbès,
Redjem Demouche,Sidi Bel Abbès,
Sehala Thaoura,Sidi Bel Abbès,
Sfisef,Sidi Bel Abbès,
Sidi Ali Benyoub,Sidi Bel Abbès,
Sidi Ali Boussidi,Sidi Bel Abbès,
Sidi Bel Abbes,Sidi Bel Abbès,
Sidi Brahim,Sidi Bel Abbès,
Sidi Chaib,Sidi Bel Abbès,
Sidi Daho des Zairs,Sidi Bel Abbès,
Sidi Hamadouche,Sidi Bel Abbès,
Sidi Khaled,Sidi Bel Abbès,
Sidi Lahcene,Sidi Bel Abbès,
Sidi Yacoub,Sidi Bel Abbès,
Tabia,Sidi Bel Abbès,
Tafissour,Sidi Bel Abbès,
Taoudmout,Sidi Bel Abbès,
Teghalimet,Sidi Bel Abbès,
Telagh,Sidi Bel Abbès,
Tenira,Sidi Bel Abbès,
Tessala,Sidi Bel Abbès,
Tilmouni,Sidi Bel Abbès,
Zerouala,Sidi Bel Abbès,
Aïn Berda,Annaba,
Annaba,Annaba,
Berrahal,Annaba,
Chetaïbi,Annaba,
Cheurfa,Annaba,
El Bouni,Annaba,
El Hadjar,Annaba,
Eulma,Annaba,
Oued El Aneb,Annaba,
Seraïdi,Annaba,
Sidi Amar,Annaba,
Treat,Annaba,
Aïn Ben Beida,Guelma,
Aïn Larbi,Guelma,
Aïn Makhlouf,Guelma,
Aïn Reggada,Guelma,
Aïn Sandel,Guelma,
Belkheir,Guelma,
Ben Djerrah,Guelma,
Beni Mezline,Guelma,
Bordj Sabath,Guelma,
Bouati Mahmoud,Guelma,
Bouchegouf,Guelma,
Bouhachana,Guelma,
Bouhamdane,Guelma,
Boumahra Ahmed,Guelma,
Dahouara,Guelma,
Djeballah Khemissi,Guelma,
El Fedjoudj,Guelma,
Guellat Bou Sbaa,Guelma,
Guelma,Guelma,
Hammam Debagh,Guelma,
Hammam N'Bail,Guelma,
Héliopolis,Guelma,
Houari Boumédiène,Guelma,
Khezarra,Guelma,
Medjez Amar,Guelma,
Medjez Sfa,Guelma,
Nechmaya,Guelma,
Oued Cheham,Guelma,
Oued Fragha,Guelma,
Oued Zenati,Guelma,
Ras El Agba,Guelma,
Roknia,Guelma,
Sellaoua Announa,Guelma,
Tamlouka,Guelma,
Aïn Abid,Constantine,
Aïn Smara,Constantine,
Beni Hamiden,Constantine,
Constantine,Constantine,
Didouche Mourad,Constantine,
El Khroub,Constantine,
Hamma Bouziane,Constantine,
Ibn Badis,Constantine,
Ibn Ziad,Constantine,
Messaoud Boudjriou,Constantine,
Ouled Rahmoune,Constantine,
Zighoud Youcef,Constantine,
Aïn Boucif,Médéa,
Aïn Ouksir,Médéa,
Aissaouia,Médéa,
Aziz,Médéa,
Baata,Médéa,
Benchicao,Médéa,
Beni Slimane,Médéa,
Berrouaghia,Médéa,
Bir Ben Laabed,Médéa,
Boghar,Médéa,
Bou Aiche,Médéa,
Bouaichoune,Médéa,
Bouchrahil,Médéa,
Boughezoul,Médéa,
Bouskene,Médéa,
Chahbounia,Médéa,
Chellalet El Adhaoura,Médéa,
Cheniguel,Médéa,
Derrag,Médéa,
Deux Bassins,Médéa,
Djouab,Médéa,
Draa Essamar,Médéa,
El Azizia,Médéa,
El Guelb El Kebir,Médéa,
El Hamdania,Médéa,
El Omaria,Médéa,
El Ouinet,Médéa,
Hannacha,Médéa,
Kef Lakhdar,Médéa,
Khams Djouamaa,Médéa,
Ksar Boukhari,Médéa,
Médéa,Médéa,
Meftaha,Médéa,
Meghraoua,Médéa,
Mezerana,Médéa,
Mihoub,Médéa,
Moudjbar,Médéa,
Ouamri,Médéa,
Oued Harbil,Médéa,
Ouled Antar,Médéa,
Ouled Bouachra,Médéa,
Ouled Brahim,Médéa,
Ouled Deide,Médéa,
Ouled Hellal,Médéa,
Ouled Maaref,Médéa,
Oum El Djalil,Médéa,
Ouzera,Médéa,
Rebaia,Médéa,
Saneg,Médéa,
Sedraia,Médéa,
Seghouane,Médéa,
Si Mahdjoub,Médéa,
Sidi Damed,Médéa,
Sidi Errabia,Médéa,
Sidi Naamanez,Médéa,
Sidi Zahar,Médéa,
Sidi Ziane,Médéa,
Souagui,Médéa,
Tablat,Médéa,
Tafraout,Médéa,
Tamesguida,Médéa,
Tizi Mahdi,Médéa,
Tlatet Eddouar,Médéa,
Zoubiria,Médéa,
Abdelmalek Ramdane,Mostaganem,
Achaacha,Mostaganem,
Aïn Boudinar,Mostaganem,
Aïn Nouissy,Mostaganem,
Aïn Sidi Cherif,Mostaganem,
Aïn Tedles,Mostaganem,
Blad Touahria,Mostaganem,
Bouguirat,Mostaganem,
El Hassaine,Mostaganem,
Fornaka,Mostaganem,
Hadjadj,Mostaganem,
Hassi Mameche,Mostaganem,
Khadra,Mostaganem,
Kheireddine,Mostaganem,
Mansourah,Mostaganem,
Mazagran,Mostaganem,
Mesra,Mostaganem,
Mostaganem,Mostaganem,
Nekmaria,Mostaganem,
Oued El Kheir,Mostaganem,
Ouled Boughalem,Mostaganem,
Ouled Maallah,Mostaganem,
Safsaf,Mostaganem,
Sayada,Mostaganem,
Sidi Ali,Mostaganem,
Sidi Belattar,Mostaganem,
Sidi Lakhdar,Mostaganem,
Sirat,Mostaganem,
Souaflia,Mostaganem,
Sour,Mostaganem,
Stidia,Mostaganem,
Tazgait,Mostaganem,
Aïn El Hadjel,M'Sila,
Aïn El Melh,M'Sila,
Aïn Errich,M'Sila,
Aïn Fares,M'Sila,
Aïn Khadra,M'Sila,
Belaiba,M'Sila,
Ben Srour,M'Sila,
Beni Ilmane,M'Sila,
Benzouh,M'Sila,
Berhoum,M'Sila,
Bir Foda,M'Sila,
Bou Saâda,M'Sila,
Bouti Sayah,M'Sila,
Chellal,M'Sila,
Dehahna,M'Sila,
Djebel Messaad,M'Sila,
El Hamel,M'Sila,
El Houamed,M'Sila,
Hammam Dhalaa,M'Sila,
Khettouti Sed El Djir,M'Sila,
Khoubana,M'Sila,
M'Cif,M'Sila,
M'Sila,M'Sila,
M'Tarfa,M'Sila,
Maadid,M'Sila,
Maarif,M'Sila,
Magra,M'Sila,
Medjedel,M'Sila,
Mohammed Boudiaf,M'Sila,
Ouanougha,M'Sila,
Ouled Addi Guebala,M'Sila,
Ouled Atia,M'Sila,
Ouled Derradj,M'Sila,
Ouled Madhi,M'Sila,
Ouled Mansour,M'Sila,
Ouled Sidi Brahim,M'Sila,
Ouled Slimane,M'Sila,
Oultem,M'Sila,
Sidi Aïssa,M'Sila,
Sidi Ameur,M'Sila,
Sidi Hadjeres,M'Sila,
Sidi M'Hamed,M'Sila,
Slim,M'Sila,
Souamaa,M'Sila,
Tamsa,M'Sila,
Tarmount,M'Sila,
Zarzour,M'Sila,
Aïn Fares,Mascara,
Aïn Fekan,Mascara,
Aïn Ferah,Mascara,
Aïn Fras,Mascara,
Alaïmia,Mascara,
Aouf,Mascara,
Beniane,Mascara,
Bou Hanifia,Mascara,
Bou Henni,Mascara,
Chorfa,Mascara,
El Bordj,Mascara,
El Gaada,Mascara,
El Ghomri,Mascara,
El Guettana,Mascara,
El Keurt,Mascara,
El Menaouer,Mascara,
Ferraguig,Mascara,
Froha,Mascara,
Gharrous,Mascara,
Ghriss,Mascara,
Guerdjoum,Mascara,
Hachem,Mascara,
Hacine,Mascara,
Khalouia,Mascara,
Makdha,Mascara,
Mamounia,Mascara,
Maoussa,Mascara,
Mascara,Mascara,
Matemore,Mascara,
Mocta Douz,Mascara,
Mohammadia,Mascara,
Nesmoth,Mascara,
Oggaz,Mascara,
Oued El Abtal,Mascara,
Oued Taria,Mascara,
Ras El Aïn Amirouche,Mascara,
Sedjerara,Mascara,
Sehailia,Mascara,
Sidi Abdeldjebar,Mascara,
Sidi Abdelmoumen,Mascara,
Sidi Boussaid,Mascara,
Sidi Kada,Mascara,
Sig,Mascara,
Tighennif,Mascara,
Tizi,Mascara,
Zahana,Mascara,
Zelmata,Mascara,
Aïn Beida,Ouargla,
Benaceur,Ouargla,
Blidet Amor,Ouargla,
El Allia,Ouargla,
El Borma,Ouargla,
El Hadjira,Ouargla,
Hassi Ben Abdellah,Ouargla,
Hassi Messaoud,Ouargla,
M'Naguer,Ouargla,
Megarine,Ouargla,
N'Goussa,Ouargla,
Nezla,Ouargla,
Ouargla,Ouargla,
Rouissat,Ouargla,
Sidi Khouiled,Ouargla,
Sidi Slimane,Ouargla,
Taibet,Ouargla,
Tamacine,Ouargla,
Tebesbest,Ouargla,
Touggourt,Ouargla,
Zaouia El Abidia,Ouargla,
Aïn El Bia,Oran,
Aïn El Kerma,Oran,
Aïn El Turk,Oran,
Arzew,Oran,
Ben Freha,Oran,
Bethioua,Oran,
Bir El Djir,Oran,
Bou Sfer,Oran,
Boufatis,Oran,
Boutlelis,Oran,
El Ançor,Oran,
El Braya,Oran,
El Kerma,Oran,
Es Senia,Oran,
Gdyel,Oran,
Hassi Ben Okba,Oran,
Hassi Bounif,Oran,
Hassi Mefsoukh,Oran,
Marsat El Hadjadj,Oran,
Mers El Kébir,Oran,
Misserghin,Oran,
Oran,Oran,
Oued Tlelat,Oran,
Sidi Benyebka,Oran,
Sidi Chami,Oran,
Tafraoui,Oran,
Aïn El Orak,El Bayadh,
Arbaouat,El Bayadh,
Boualem,El Bayadh,
Bougtoub,El Bayadh,
Boussemghoun,El Bayadh,
Brezina,El Bayadh,
Cheguig,El Bayadh,
Chellala,El Bayadh,
El Abiodh Sidi Cheikh,El Bayadh,
El Bayadh,El Bayadh,
El Bnoud,El Bayadh,
El Kheiter,El Bayadh,
El Mehara,El Bayadh,
Ghassoul,El Bayadh,
Kef El Ahmar,El Bayadh,
Kraakda,El Bayadh,
Rogassa,El Bayadh,
Sidi Ameur,El Bayadh,
Sidi Slimane,El Bayadh,
Sidi Tifour,El Bayadh,
Stitten,El Bayadh,
Tousmouline,El Bayadh,
Bordj El Haouas,Illizi,
Bordj Omar Driss,Illizi,
Debdeb,Illizi,
Djanet,Illizi,
Illizi,Illizi,
In Amenas,Illizi,
Aïn Taghrout,Bordj Bou Arreridj,
Aïn Tesra,Bordj Bou Arreridj,
Belimour,Bordj Bou Arreridj,
Ben Daoud,Bordj Bou Arreridj,
Bir Kasdali,Bordj Bou Arreridj,
Bordj Bou Arreridj,Bordj Bou Arreridj,
Bordj Ghédir,Bordj Bou Arreridj,
Bordj Zemoura,Bordj Bou Arreridj,
Colla,Bordj Bou Arreridj,
Djaafra,Bordj Bou Arreridj,
El Ach,Bordj Bou Arreridj,
El Achir,Bordj Bou Arreridj,
El Anseur,Bordj Bou Arreridj,
El Hamadia,Bordj Bou Arreridj,
El M'hir,Bordj Bou Arreridj,
El Main,Bordj Bou Arreridj,
Ghilassa,Bordj Bou Arreridj,
Haraza,Bordj Bou Arreridj,
Hasnaoua,Bordj Bou Arreridj,
Khelil,Bordj Bou Arreridj,
Ksour,Bordj Bou Arreridj,
Mansoura,Bordj Bou Arreridj,
Medjana,Bordj Bou Arreridj,
Ouled Brahem,Bordj Bou Arreridj,
Ouled Dahmane,Bordj Bou Arreridj,
Ouled Sidi Brahim,Bordj Bou Arreridj,
Rabta,Bordj Bou Arreridj,
Ras El Oued,Bordj Bou Arreridj,
Sidi Embarek,Bordj Bou Arreridj,
Taglait,Bordj Bou Arreridj,
Tassameurt,Bordj Bou Arreridj,
Tefreg,Bordj Bou Arreridj,
Teniet En Nasr,Bordj Bou Arreridj,
Tixter,Bordj Bou Arreridj,
Afir,Boumerdès,
Ammal,Boumerdès,
Baghlia,Boumerdès,
Ben Choud,Boumerdès,
Beni Amrane,Boumerdès,
Bordj Menaiel,Boumerdès,
Boudouaou,Boumerdès,
Boudouaou El Bahri,Boumerdès,
Boumerdes,Boumerdès,
Bouzegza Keddara,Boumerdès,
Chabet el Ameur,Boumerdès,
Corso,Boumerdès,
Dellys,Boumerdès,
Djinet,Boumerdès,
El Kharrouba,Boumerdès,
Hammedi,Boumerdès,
Issers,Boumerdès,
Khemis El Khechna,Boumerdès,
Larbatache,Boumerdès,
Leghata,Boumerdès,
Naciria,Boumerdès,
Ouled Aissa,Boumerdès,
Ouled Hedadj,Boumerdès,
Ouled Moussa,Boumerdès,
Si Mustapha,Boumerdès,
Sidi Daoud,Boumerdès,
Souk El Had,Boumerdès,
Taourga,Boumerdès,
Thenia,Boumerdès,
Tidjelabine,Boumerdès,
Timezrit,Boumerdès,
Zemmouri,Boumerdès,
Aïn El Assel,El Tarf,
Aïn Kerma,El Tarf,
Asfour,El Tarf,
Ben Mehidi,El Tarf,
Berrihane,El Tarf,
Besbes,El Tarf,
Bougous,El Tarf,
Bouhadjar,El Tarf,
Bouteldja,El Tarf,
Chebaita Mokhtar,El Tarf,
Chefia,El Tarf,
Chihani,El Tarf,
Dréan,El Tarf,
Echatt,El Tarf,
El Aioun,El Tarf,
El Kala,El Tarf,
El Tarf,El Tarf,
Hammam Beni Salah,El Tarf,
Lac des Oiseaux,El Tarf,
Oued Zitoun,El Tarf,
Raml Souk,El Tarf,
Souarekh,El Tarf,
Zerizer,El Tarf,
Zitouna,El Tarf,
Oum el Assel,Tindouf,
Tindouf,Tindouf,
Ammari,Tissemsilt,
Beni Chaib,Tissemsilt,
Beni Lahcene,Tissemsilt,
Bordj Bou Naama,Tissemsilt,
Bordj El Emir Abdelkader,Tissemsilt,
Boucaid,Tissemsilt,
Khemisti,Tissemsilt,
Larbaa,Tissemsilt,
Lardjem,Tissemsilt,
Layoune,Tissemsilt,
Lazharia,Tissemsilt,
Maacem,Tissemsilt,
Melaab,Tissemsilt,
Ouled Bessem,Tissemsilt,
Sidi Abed,Tissemsilt,
Sidi Boutouchent,Tissemsilt,
Sidi Lantri,Tissemsilt,
Sidi Slimane,Tissemsilt,
Tamalaht,Tissemsilt,
Theniet El Had,Tissemsilt,
Tissemsilt,Tissemsilt,
Youssoufia,Tissemsilt,
Bayadha,El Oued,
Beni Guecha,El Oued,
Debila,El Oued,
Djamaa,El Oued,
Douar El Ma,El Oued,
El M'Ghair,El Oued,
El Ogla,El Oued,
El Oued,El Oued,
Guemar,El Oued,
Hamraia,El Oued,
Hassani Abdelkrim,El Oued,
Hassi Khalifa,El Oued,
Kouinine,El Oued,
M'Rara,El Oued,
Magrane,El Oued,
Mih Ouansa,El Oued,
Nakhla,El Oued,
Oued El Alenda,El Oued,
Oum Touyour,El Oued,
Ourmas,El Oued,
Reguiba,El Oued,
Robbah,El Oued,
Sidi Amrane,El Oued,
Sidi Aoun,El Oued,
Sidi Khellil,El Oued,
Still,El Oued,
Taghzout,El Oued,
Taleb Larbi,El Oued,
Tendla,El Oued,
Trifaoui,El Oued,
Aïn Touila,Khenchela,
Babar,Khenchela,
Baghai,Khenchela,
Bouhmama,Khenchela,
Chechar,Khenchela,
Chelia,Khenchela,
Djellal,Khenchela,
El Hamma,Khenchela,
El Mahmal,Khenchela,
El Oueldja,Khenchela,
Ensigha,Khenchela,
Kais,Khenchela,
Khenchela,Khenchela,
Khirane,Khenchela,
M'Sara,Khenchela,
M'Toussa,Khenchela,
Ouled Rechache,Khenchela,
Remila,Khenchela,
Tamza,Khenchela,
Taouzient,Khenchela,
Yabous,Khenchela,
Aïn Soltane,Souk Ahras,
Aïn Zana,Souk Ahras,
Bir Bou Haouch,Souk Ahras,
Drea,Souk Ahras,
Hanancha,Souk Ahras,
Heddada,Souk Ahras,
Khedara,Souk Ahras,
Khemissa,Souk Ahras,
M'daourouch,Souk Ahras,
Mechroha,Souk Ahras,
Merahna,Souk Ahras,
Oued Keberit,Souk Ahras,
Ouillen,Souk Ahras,
Ouled Driss,Souk Ahras,
Ouled Moumene,Souk Ahras,
Oum El Adhaim,Souk Ahras,
Ragouba,Souk Ahras,
Safel El Ouiden,Souk Ahras,
Sedrata,Souk Ahras,
Sidi Fredj,Souk Ahras,
Souk Ahras,Souk Ahras,
Taoura,Souk Ahras,
Terraguelt,Souk Ahras,
Tiffech,Souk Ahras,
Zaarouria,Souk Ahras,
Zouabi,Souk Ahras,
Aghbal,Tipaza,
Ahmar El Aïn,Tipaza,
Aïn Tagourait,Tipaza,
Attatba,Tipaza,
Beni Milleuk,Tipaza,
Bou Ismaïl,Tipaza,
Bouharoun,Tipaza,
Bourkika,Tipaza,
Chaiba,Tipaza,
Cherchell,Tipaza,
Damous,Tipaza,
Douaouda,Tipaza,
Fouka,Tipaza,
Gouraya,Tipaza,
Hadjeret Ennous,Tipaza,
Hadjout,Tipaza,
Khemisti,Tipaza,
Koléa,Tipaza,
Larhat,Tipaza,
Menaceur,Tipaza,
Merad,Tipaza,
Messelmoun,Tipaza,
Nador,Tipaza,
Sidi Amar,Tipaza,
Sidi Ghiles,Tipaza,
Sidi Rached,Tipaza,
Sidi Semiane,Tipaza,
Tipaza,Tipaza,
Ahmed Rachedi,Mila,
Aïn Beida Harriche,Mila,
Aïn Mellouk,Mila,
Aïn Tine,Mila,
Amira Arrès,Mila,
Benyahia Abderrahmane,Mila,
Bouhatem,Mila,
Chelghoum Laid,Mila,
Chigara,Mila,
Derradji Bousselah,Mila,
El Mechira,Mila,
Elayadi Barbes,Mila,
Ferdjioua,Mila,
Grarem Gouga,Mila,
Hamala,Mila,
Mila,Mila,
Minar Zarza,Mila,
Oued Athmania,Mila,
Oued Endja,Mila,
Oued Seguen,Mila,
Ouled Khalouf,Mila,
Rouached,Mila,
Sidi Khelifa,Mila,
Sidi Merouane,Mila,
Tadjenanet,Mila,
Tassadane Haddada,Mila,
Teleghma,Mila,
Terrai Bainen,Mila,
Tessala Lemtaï,Mila,
Tiberguent,Mila,
Yahia Beni Guecha,Mila,
Zeghaia,Mila,
Aïn Benian,Aïn Defla,
Aïn Bouyahia,Aïn Defla,
Aïn Defla,Aïn Defla,
Aïn Lechiekh,Aïn Defla,
Aïn Soltane,Aïn Defla,
Aïn Torki,Aïn Defla,
Arib,Aïn Defla,
Bathia,Aïn Defla,
Belaas,Aïn Defla,
Ben Allal,Aïn Defla,
Bir Ould Khelifa,Aïn Defla,
Birbouche,Aïn Defla,
Bordj Emir Khaled,Aïn Defla,
Boumedfaa,Aïn Defla,
Bourached,Aïn Defla,
Djelida,Aïn Defla,
Djemaa Ouled Cheikh,Aïn Defla,
Djendel,Aïn Defla,
El Abadia,Aïn Defla,
El Amra,Aïn Defla,
El Attaf,Aïn Defla,
El Hassania,Aïn Defla,
El Maine,Aïn Defla,
Hammam Righa,Aïn Defla,
Hoceinia,Aïn Defla,
Khemis Miliana,Aïn Defla,
Mekhatria,Aïn Defla,
Miliana,Aïn Defla,
Oued Chorfa,Aïn Defla,
Oued Djemaa,Aïn Defla,
Rouina,Aïn Defla,
Sidi Lakhdar,Aïn Defla,
Tacheta Zougagha,Aïn Defla,
Tarik Ibn Ziad,Aïn Defla,
Tiberkanine,Aïn Defla,
Zeddine,Aïn Defla,
Aïn Ben Khelil,Naâma,
Aïn Sefra,Naâma,
Assela,Naâma,
Djeniene Bourezg,Naâma,
El Biod,Naâma,
Kasdir,Naâma,
Makman Ben Amer,Naâma,
Mecheria,Naâma,
Moghrar,Naâma,
Naâma,Naâma,
Sfissifa,Naâma,
Tiout,Naâma,
Aghlal,Aïn Témouchent,
Aïn El Arbaa,Aïn Témouchent,
Aïn Kihal,Aïn Témouchent,
Aïn Témouchent,Aïn Témouchent,
Aïn Tolba,Aïn Témouchent,
Aoubellil,Aïn Témouchent,
Beni Saf,Aïn Témouchent,
Bouzedjar,Aïn Témouchent,
Chaabat El Leham,Aïn Témouchent,
Chentouf,Aïn Témouchent,
El Amria,Aïn Témouchent,
El Emir Abdelkader,Aïn Témouchent,
El Malah,Aïn Témouchent,
El Messaid,Aïn Témouchent,
Hammam Bouhadjar,Aïn Témouchent,
Hassasna,Aïn Témouchent,
Hassi El Ghella,Aïn Témouchent,
Oued Berkeche,Aïn Témouchent,
Oued Sabah,Aïn Témouchent,
Ouled Boudjemaa,Aïn Témouchent,
Ouled Kihal,Aïn Témouchent,
Oulhaça El Gheraba,Aïn Témouchent,
Sidi Ben Adda,Aïn Témouchent,
Sidi Boumedienne,Aïn Témouchent,
Sidi Ouriache,Aïn Témouchent,
Sidi Safi,Aïn Témouchent,
Tamzoura,Aïn Témouchent,
Terga,Aïn Témouchent,
Berriane,Ghardaïa,
Bounoura,Ghardaïa,
Dhayet Bendhahoua,Ghardaïa,
El Atteuf,Ghardaïa,
El Guerrara,Ghardaïa,
El Menia,Ghardaïa,
Ghardaïa,Ghardaïa,
Hassi Fehal,Ghardaïa,
Hassi Gara,Ghardaïa,
Mansoura,Ghardaïa,
Metlili,Ghardaïa,
Sebseb,Ghardaïa,
Zelfana,Ghardaïa,
Aïn Rahma,Relizane,
Aïn Tarek,Relizane,
Ammi Moussa,Relizane,
Belassel Bouzegza,Relizane,
Bendaoud,Relizane,
Beni Dergoun,Relizane,
Beni Zentis,Relizane,
Dar Ben Abdellah,Relizane,
Djidioua,Relizane,
El Guettar,Relizane,
El Hamadna,Relizane,
El Hassi,Relizane,
El Matmar,Relizane,
El Ouldja,Relizane,
Had Echkalla,Relizane,
Hamri,Relizane,
Kalaa,Relizane,
Lahlef,Relizane,
Mazouna,Relizane,
Mediouna,Relizane,
Mendes,Relizane,
Merdja Sidi Abed,Relizane,
Ouarizane,Relizane,
Oued El Djemaa,Relizane,
Oued Essalem,Relizane,
Oued Rhiou,Relizane,
Ouled Aiche,Relizane,
Ouled Sidi Mihoub,Relizane,
Ramka,Relizane,
Relizane,Relizane,
Sidi Khettab,Relizane,
Sidi Lazreg,Relizane,
Sidi M'Hamed Ben Ali,Relizane,
Sidi M'Hamed Benaouda,Relizane,
Sidi Saada,Relizane,
Souk El Had,Relizane,
Yellel,Relizane,
Zemmora,Relizane,